{"cameraMode":{"drawMode":0,"name":"Shaded","section":"Shading Mode"},"sceneLighting":true,"audioPlay":false,"sceneViewState":{"showFog":true,"showMaterialUpdate":false,"showSkybox":true,"showFlares":true,"showImageEffects":true,"showParticleSystems":true},"in2DMode":false,"pivot":{"x":5.36283540725708,"y":-5.540563583374023,"z":-7.610661029815674},"rotation":{"x":-0.12925735116004945,"y":-0.8312456011772156,"z":0.21695972979068757,"w":-0.495229035615921},"size":16.752487182617189,"orthographic":false}